{"cameraMode":{"drawMode":0,"name":"Shaded","section":"Shading Mode"},"sceneLighting":true,"audioPlay":false,"sceneViewState":{"m_AlwaysRefresh":false,"showFog":true,"showSkybox":true,"showFlares":true,"showImageEffects":true,"showParticleSystems":true,"showVisualEffectGraphs":true,"m_FxEnabled":true},"in2DMode":false,"pivot":{"x":-0.3877601623535156,"y":1.2274045944213868,"z":0.540407657623291},"rotation":{"x":-0.14373816549777986,"y":-0.41794055700302126,"z":0.06713926792144776,"w":-0.8945699334144592},"size":2.3088927268981935,"orthographic":false}